"vars","n","mean","sd","median","trimmed","mad","min","max","range","skew","kurtosis","se"
1,1400,36.0807142857143,8.62547216329775,35,35.7035714285714,8.8956,21,66,45,0.380231130881389,-0.329927319417498,0.2305254402444
2,1400,13181.4285714286,5017.90341089485,12500,12768.75,6671.7,5000,33000,28000,0.61050796044394,-0.339671662730977,134.109109739235
3,1400,6.61285714285714,3.170874486911,7,6.56875,2.9652,1,16,15,0.140343543691237,-0.608684611625978,0.0847451853320255
